keyword_id,keyword,lifecycle_status,source_type,parent_keyword_id,created_at,status_changed_at,total_scan_count,successful_scan_count,failed_scan_count,first_scan_at,latest_scan_at,scan_span_hours,total_raw_candidates,total_unique_candidates,total_persisted_videos,unique_discovered_video_count,new_to_database_video_count,successful_zero_yield_scan_count,zero_yield_rate,consecutive_zero_yield_scans_at_end,max_consecutive_zero_yield_scans,within_keyword_duplicate_count,cross_keyword_duplicate_count,duplicate_rate,unique_yield_rate,new_video_rate,discovery_vph_observation_count,median_discovery_vph,p90_discovery_vph,max_discovery_vph,breakout_eligible_count,top_decile_breakout_count,top_decile_breakout_rate,attributed_observation_count,matured_72h_count,valid_72h_outcome_count,missing_72h_outcome_count,median_absolute_view_growth_72h,p90_absolute_view_growth_72h,recommendation,recommendation_confidence,recommendation_reason_code,calibration_required,maturity_group
1,AI tools,active,seed,,2026-09-16T14:26:42.607197+00:00,2026-09-16T14:26:42.607197,2,2,0,2026-09-16T15:31:26.039744+00:00,2026-09-29T19:16:37.277659+00:00,315.753,882,882,732,882,598,0,0.0,0,0,0,104,0.1179,0.678,0.678,876,35.5,5082.0,5082.0,444,42,0.0946,882,368,0,882,,,keep,none,active_keep_calibration_pending,True,lt_3
2,gaming,active,seed,,2026-09-16T14:26:42.607197+00:00,2026-09-16T14:26:42.607197,2,2,0,2026-09-16T15:37:22.883659+00:00,2026-09-29T19:27:10.168024+00:00,315.83,775,775,383,775,767,0,0.0,0,0,0,0,0.0,0.9897,0.9897,762,16648.0,288524.6,288524.6,216,128,0.5926,775,311,0,775,,,keep,none,active_keep_calibration_pending,True,lt_3
3,history,active,seed,,2026-09-16T14:26:42.607197+00:00,2026-09-16T14:26:42.607197,2,2,0,2026-09-16T15:55:48.566602+00:00,2026-09-29T19:38:16.557727+00:00,315.708,692,692,658,692,685,0,0.0,0,0,0,0,0.0,0.9899,0.9899,691,565.0,11565.0,11565.0,458,69,0.1507,692,212,0,692,,,keep,none,active_keep_calibration_pending,True,lt_3
4,technology,active,seed,,2026-09-16T14:26:42.607197+00:00,2026-09-16T14:26:42.607197,2,2,0,2026-09-16T15:59:24.453499+00:00,2026-09-29T19:43:50.658241+00:00,315.741,896,896,815,896,859,0,0.0,0,0,0,2,0.0022,0.9587,0.9587,893,25.0,7314.4,7314.4,424,40,0.0943,896,433,0,896,,,keep,none,active_keep_calibration_pending,True,lt_3
5,self improvement,active,seed,,2026-09-16T14:26:42.607197+00:00,2026-09-16T14:26:42.607197,2,2,0,2026-09-16T16:16:00.728796+00:00,2026-09-29T19:47:30.265720+00:00,315.525,527,527,506,527,523,0,0.0,0,0,0,0,0.0,0.9924,0.9924,524,8.0,2394.9,2394.9,319,14,0.0439,527,176,0,527,,,keep,none,active_keep_calibration_pending,True,lt_3
72,artificial intelligence,active,seed,,2026-09-16T14:30:36.488058+00:00,2026-09-16T14:30:36.488058,2,2,0,2026-09-16T16:18:20.736491+00:00,2026-09-29T19:53:16.369650+00:00,315.582,876,876,812,876,803,0,0.0,0,0,0,7,0.008,0.9167,0.9167,870,96.0,14871.2,14871.2,400,54,0.135,876,425,0,876,,,keep,none,active_keep_calibration_pending,True,lt_3
73,AI automation,active,seed,,2026-09-16T14:30:36.488058+00:00,2026-09-16T14:30:36.488058,2,2,0,2026-09-16T16:35:49.900753+00:00,2026-09-29T19:56:36.514480+00:00,315.346,620,620,553,620,481,0,0.0,0,0,0,10,0.0161,0.7758,0.7758,618,7.0,1454.5,1454.5,277,12,0.0433,620,267,0,620,,,keep,none,active_keep_calibration_pending,True,lt_3
74,AI agents,active,seed,,2026-09-16T14:30:36.488058+00:00,2026-09-16T14:30:36.488058,2,2,0,2026-09-16T16:39:53.628879+00:00,2026-09-29T20:07:00.856620+00:00,315.452,892,892,802,892,779,0,0.0,0,0,0,25,0.028,0.8733,0.8733,886,6.0,1634.0,1634.0,439,23,0.0524,892,364,0,892,,,keep,none,active_keep_calibration_pending,True,lt_3
75,productivity,active,seed,,2026-09-16T14:30:36.488058+00:00,2026-09-16T14:30:36.488058,2,2,0,2026-09-16T16:55:05.860337+00:00,2026-09-29T20:11:42.310839+00:00,315.277,825,825,732,825,784,0,0.0,0,0,0,0,0.0,0.9503,0.9503,807,3.0,249.8,249.8,406,8,0.0197,825,278,0,825,,,keep,none,active_keep_calibration_pending,True,lt_3
77,discipline,active,seed,,2026-09-16T14:30:36.488058+00:00,2026-09-16T14:30:36.488058,2,2,0,2026-09-16T16:59:17.039059+00:00,2026-09-29T20:16:57.423107+00:00,315.295,673,673,624,673,639,0,0.0,0,0,0,3,0.0045,0.9495,0.9495,670,6.0,967.2,967.2,456,11,0.0241,673,155,0,673,,,keep,none,active_keep_calibration_pending,True,lt_3
78,psychology facts,active,seed,,2026-09-16T14:30:36.488058+00:00,2026-09-16T14:30:36.488058,2,2,0,2026-09-16T17:11:34.720690+00:00,2026-09-29T20:21:23.884221+00:00,315.164,799,799,766,799,786,0,0.0,0,0,0,5,0.0063,0.9837,0.9837,797,3.17,391.2,391.2,430,5,0.0116,799,282,0,799,,,keep,none,active_keep_calibration_pending,True,lt_3
79,interesting facts,active,seed,,2026-09-16T14:30:36.488058+00:00,2026-09-16T14:30:36.488058,2,2,0,2026-09-16T17:15:52.259930+00:00,2026-09-29T20:25:23.002701+00:00,315.159,471,471,426,471,451,0,0.0,0,0,0,6,0.0127,0.9575,0.9575,470,1399.0,18424.3,18424.3,239,66,0.2762,471,206,0,471,,,keep,none,active_keep_calibration_pending,True,lt_3
80,weird facts,active,seed,,2026-09-16T14:30:36.488058+00:00,2026-09-16T14:30:36.488058,2,2,0,2026-09-16T17:29:24.796869+00:00,2026-09-29T20:34:46.720115+00:00,315.089,841,841,803,841,683,0,0.0,0,0,0,0,0.0,0.8121,0.8121,836,8.0,2390.5,2390.5,362,26,0.0718,841,397,0,841,,,keep,none,active_keep_calibration_pending,True,lt_3
81,science facts,active,seed,,2026-09-16T14:30:36.488058+00:00,2026-09-16T14:30:36.488058,2,2,0,2026-09-16T17:35:27.802354+00:00,2026-09-29T20:40:24.855182+00:00,315.083,970,970,838,970,893,0,0.0,0,0,0,58,0.0598,0.9206,0.9206,967,51.0,7535.0,7535.0,443,60,0.1354,970,433,0,970,,,keep,none,active_keep_calibration_pending,True,lt_3
83,future technology,active,seed,,2026-09-16T14:30:36.488058+00:00,2026-09-16T14:30:36.488058,2,2,0,2026-09-16T17:52:11.005763+00:00,2026-09-29T20:46:10.197607+00:00,314.9,885,885,817,885,750,0,0.0,0,0,0,6,0.0068,0.8475,0.8475,884,13.0,4136.5,4136.5,457,40,0.0875,885,367,0,885,,,keep,none,active_keep_calibration_pending,True,lt_3
84,internet culture,active,seed,,2026-09-16T14:30:36.488058+00:00,2026-09-16T14:30:36.488058,2,2,0,2026-09-16T17:57:38.358379+00:00,2026-09-29T20:51:21.734343+00:00,314.895,780,780,671,780,769,0,0.0,0,0,0,1,0.0013,0.9859,0.9859,776,33.0,4899.0,4899.0,420,27,0.0643,780,276,0,780,,,keep,none,active_keep_calibration_pending,True,lt_3
85,internet mysteries,active,seed,,2026-09-16T14:30:36.488058+00:00,2026-09-16T14:30:36.488058,2,2,0,2026-09-16T18:11:47.725974+00:00,2026-09-29T20:53:36.892770+00:00,314.697,402,402,373,402,380,0,0.0,0,0,0,7,0.0174,0.9453,0.9453,400,5.0,1395.3,1395.3,200,10,0.05,402,154,0,402,,,keep,none,active_keep_calibration_pending,True,lt_3
86,unsolved mysteries,active,seed,,2026-09-16T14:30:36.488058+00:00,2026-09-16T14:30:36.488058,2,2,0,2026-09-16T18:14:14.250987+00:00,2026-09-29T21:03:20.522335+00:00,314.818,696,696,661,696,657,0,0.0,0,0,0,10,0.0144,0.944,0.944,695,3.0,417.2,417.2,419,13,0.031,696,210,0,696,,,keep,none,active_keep_calibration_pending,True,lt_3
87,weird history,active,seed,,2026-09-16T14:30:36.488058+00:00,2026-09-16T14:30:36.488058,2,2,0,2026-09-28T12:11:27.985570+00:00,2026-09-29T21:06:32.631927+00:00,32.918,627,627,576,626,603,0,0.0,0,0,0,5,0.008,0.9633,0.9633,622,4.0,304.7,304.7,581,13,0.0224,626,0,0,626,,,keep,none,active_keep_calibration_pending,True,lt_3
88,forgotten history,active,seed,,2026-09-16T14:30:36.488058+00:00,2026-09-16T14:30:36.488058,2,2,0,2026-09-28T12:17:54.109521+00:00,2026-09-29T21:11:11.577179+00:00,32.888,935,935,843,935,906,0,0.0,0,0,0,31,0.0332,0.969,0.969,933,4.0,533.8,533.8,876,18,0.0205,935,0,0,935,,,keep,none,active_keep_calibration_pending,True,lt_3
89,American history,active,seed,,2026-09-16T14:30:36.488058+00:00,2026-09-16T14:30:36.488058,2,2,0,2026-09-28T12:27:53.520318+00:00,2026-09-29T21:15:40.436586+00:00,32.796,877,877,736,877,854,0,0.0,0,0,0,100,0.114,0.9738,0.9738,875,3.0,909.4,909.4,831,17,0.0205,877,0,0,877,,,keep,none,active_keep_calibration_pending,True,lt_3
90,historical mysteries,active,seed,,2026-09-16T14:30:36.488058+00:00,2026-09-16T14:30:36.488058,2,2,0,2026-09-28T12:38:01.376693+00:00,2026-09-29T21:18:09.822821+00:00,32.669,567,567,440,567,554,0,0.0,0,0,0,116,0.2046,0.9771,0.9771,566,3.0,175.0,175.0,553,6,0.0108,567,0,0,567,,,keep,none,active_keep_calibration_pending,True,lt_3
91,ancient civilizations,active,seed,,2026-09-16T14:30:36.488058+00:00,2026-09-16T14:30:36.488058,2,2,0,2026-09-28T12:44:07.445269+00:00,2026-09-29T21:28:07.916261+00:00,32.733,930,930,824,930,839,0,0.0,0,0,0,74,0.0796,0.9022,0.9022,929,2.0,50.8,50.8,894,7,0.0078,930,0,0,930,,,keep,none,active_keep_calibration_pending,True,lt_3
92,space,active,seed,,2026-09-16T14:30:36.488058+00:00,2026-09-16T14:30:36.488058,2,2,0,2026-09-29T06:54:18.225757+00:00,2026-09-30T07:37:06.584946+00:00,24.713,573,573,527,573,566,0,0.0,0,0,0,0,0.0,0.9878,0.9878,570,96.5,10482.2,10482.2,527,118,0.2239,573,0,0,573,,,keep,none,active_keep_calibration_pending,True,lt_3
93,space mysteries,active,seed,,2026-09-16T14:30:36.488058+00:00,2026-09-16T14:30:36.488058,2,2,0,2026-09-29T06:59:03.063006+00:00,2026-09-30T07:44:19.869569+00:00,24.755,500,500,458,499,486,0,0.0,0,0,0,21,0.042,0.9739,0.9739,499,4.0,452.4,452.4,476,16,0.0336,499,0,0,499,,,keep,none,active_keep_calibration_pending,True,lt_3
94,science experiments,active,seed,,2026-09-16T14:30:36.488058+00:00,2026-09-16T14:30:36.488058,2,2,0,2026-09-29T07:03:56.404519+00:00,2026-09-30T08:01:00.161053+00:00,24.951,837,837,786,827,811,0,0.0,0,0,0,2,0.0024,0.9807,0.9807,821,14.0,1375.0,1375.0,779,66,0.0847,827,0,0,827,,,keep,none,active_keep_calibration_pending,True,lt_3
96,Minecraft challenges,active,seed,,2026-09-16T14:30:36.488058+00:00,2026-09-16T14:30:36.488058,2,2,0,2026-09-29T07:11:58.819805+00:00,2026-09-30T08:12:03.458723+00:00,25.001,792,792,532,789,790,0,0.0,0,0,0,0,0.0,1.0013,1.0013,780,22.105,984.7,984.7,531,39,0.0734,789,0,0,789,,,keep,none,active_keep_calibration_pending,True,lt_3
97,gaming experiments,active,seed,,2026-09-16T14:30:36.488058+00:00,2026-09-16T14:30:36.488058,2,2,0,2026-09-29T07:17:47.962132+00:00,2026-09-30T08:24:53.554361+00:00,25.118,839,839,700,832,823,0,0.0,0,0,0,14,0.0167,0.9892,0.9892,827,25.0,3505.8,3505.8,707,88,0.1245,832,0,0,832,,,keep,none,active_keep_calibration_pending,True,lt_3
98,video game mysteries,active,seed,,2026-09-16T14:30:36.488058+00:00,2026-09-16T14:30:36.488058,2,2,0,2026-09-29T08:43:42.531708+00:00,2026-09-30T08:53:25.634780+00:00,24.162,421,421,369,414,407,0,0.0,0,0,0,0,0.0,0.9831,0.9831,408,10.0,2346.1,2346.1,363,38,0.1047,414,0,0,414,,,keep,none,active_keep_calibration_pending,True,lt_3
99,Roblox,active,seed,,2026-09-16T14:30:36.488058+00:00,2026-09-16T14:30:36.488058,2,2,0,2026-09-29T09:03:33.897015+00:00,2026-09-30T09:33:40.116736+00:00,24.502,892,892,681,890,885,0,0.0,0,0,0,0,0.0,0.9944,0.9944,880,17295.0,215339.5,215339.5,681,580,0.8517,890,0,0,890,,,keep,none,active_keep_calibration_pending,True,lt_3
100,home organization,active,seed,,2026-09-16T14:30:36.488058+00:00,2026-09-16T14:30:36.488058,2,2,0,2026-09-29T09:16:17.464812+00:00,2026-09-30T09:45:53.421781+00:00,24.493,698,698,666,695,687,0,0.0,0,0,0,0,0.0,0.9885,0.9885,695,36.0,5008.8,5008.8,665,112,0.1684,695,0,0,695,,,keep,none,active_keep_calibration_pending,True,lt_3
101,home improvement,active,seed,,2026-09-16T14:30:36.488058+00:00,2026-09-16T14:30:36.488058,1,1,0,2026-09-29T10:24:23.792140+00:00,2026-09-29T10:32:20.502739+00:00,0.132,406,406,385,406,400,0,0.0,0,0,0,0,0.0,0.9852,0.9852,405,4.0,1593.2,1593.2,386,23,0.0596,406,0,0,406,,,keep,none,active_keep_calibration_pending,True,lt_3
102,life hacks,active,seed,,2026-09-16T14:30:36.488058+00:00,2026-09-16T14:30:36.488058,1,1,0,2026-09-29T10:32:20.816030+00:00,2026-09-29T10:38:33.889043+00:00,0.104,363,363,332,363,351,0,0.0,0,0,0,5,0.0138,0.9669,0.9669,359,43.0,4571.2,4571.2,334,26,0.0778,363,0,0,363,,,keep,none,active_keep_calibration_pending,True,lt_3
103,travel,active,seed,,2026-09-16T14:30:36.488058+00:00,2026-09-16T14:30:36.488058,1,1,0,2026-09-29T10:38:34.191366+00:00,2026-09-29T10:45:24.572238+00:00,0.114,476,476,450,476,475,0,0.0,0,0,0,1,0.0021,0.9979,0.9979,476,105.5,7976.5,7976.5,451,63,0.1397,476,0,0,476,,,keep,none,active_keep_calibration_pending,True,lt_3
104,hidden places,active,seed,,2026-09-16T14:30:36.488058+00:00,2026-09-16T14:30:36.488058,1,1,0,2026-09-29T10:45:24.883348+00:00,2026-09-29T10:49:44.643666+00:00,0.072,303,303,279,303,299,0,0.0,0,0,0,5,0.0165,0.9868,0.9868,302,20.5,1926.8,1926.8,284,9,0.0317,303,0,0,303,,,keep,none,active_keep_calibration_pending,True,lt_3
105,survival stories,active,seed,,2026-09-16T14:30:36.488058+00:00,2026-09-16T14:30:36.488058,1,1,0,2026-09-29T10:58:16.361082+00:00,2026-09-29T11:05:08.495338+00:00,0.114,369,369,348,369,366,0,0.0,0,0,0,0,0.0,0.9919,0.9919,369,11.0,2894.8,2894.8,348,16,0.046,369,0,0,369,,,keep,none,active_keep_calibration_pending,True,lt_3
106,true stories,active,seed,,2026-09-16T14:30:36.488058+00:00,2026-09-16T14:30:36.488058,1,1,0,2026-09-29T16:10:13.087702+00:00,2026-09-29T16:15:42.912807+00:00,0.092,452,452,436,452,444,0,0.0,0,0,0,0,0.0,0.9823,0.9823,451,1.0,273.0,273.0,436,9,0.0206,452,0,0,452,,,keep,none,active_keep_calibration_pending,True,lt_3
107,Reddit stories,active,seed,,2026-09-16T14:30:36.488058+00:00,2026-09-16T14:30:36.488058,1,1,0,2026-09-29T16:15:43.232218+00:00,2026-09-29T16:18:08.674275+00:00,0.04,177,177,158,177,176,0,0.0,0,0,0,5,0.0282,0.9944,0.9944,175,117.79,7168.4,7168.4,163,18,0.1104,177,0,0,177,,,keep,none,active_keep_calibration_pending,True,lt_3
108,what if,active,seed,,2026-09-16T14:30:36.488058+00:00,2026-09-16T14:30:36.488058,1,1,0,2026-09-29T16:18:08.965845+00:00,2026-09-29T16:23:41.195306+00:00,0.092,473,473,444,473,468,0,0.0,0,0,0,0,0.0,0.9894,0.9894,472,24.5,2870.2,2870.2,444,29,0.0653,473,0,0,473,,,keep,none,active_keep_calibration_pending,True,lt_3
109,then vs now,active,seed,,2026-09-16T14:30:36.488058+00:00,2026-09-16T14:30:36.488058,1,1,0,2026-09-29T16:23:41.486495+00:00,2026-09-29T16:27:33.006041+00:00,0.064,326,326,277,326,325,0,0.0,0,0,0,0,0.0,0.9969,0.9969,320,14.0,5372.1,5372.1,277,23,0.083,326,0,0,326,,,keep,none,active_keep_calibration_pending,True,lt_3
110,how things work,active,seed,,2026-09-16T14:30:36.488058+00:00,2026-09-16T14:30:36.488058,1,1,0,2026-09-29T16:27:33.303605+00:00,2026-09-29T16:31:30.606029+00:00,0.066,278,278,238,278,277,0,0.0,0,0,0,3,0.0108,0.9964,0.9964,276,152.415,12495.0,12495.0,240,33,0.1375,278,0,0,278,,,keep,none,active_keep_calibration_pending,True,lt_3
111,нейросети,active,seed,,2026-09-16T14:30:36.488058+00:00,2026-09-16T14:30:36.488058,1,1,0,2026-09-29T16:36:35.201315+00:00,2026-09-29T16:39:19.679235+00:00,0.046,245,245,240,245,245,0,0.0,0,0,0,0,0.0,1.0,1.0,243,7.0,310.8,310.8,241,3,0.0124,245,0,0,245,,,keep,none,active_keep_calibration_pending,True,lt_3
112,искусственный интеллект,active,seed,,2026-09-16T14:30:36.488058+00:00,2026-09-16T14:30:36.488058,1,1,0,2026-09-29T16:39:19.974488+00:00,2026-09-29T16:42:45.561906+00:00,0.057,286,286,248,286,286,0,0.0,0,0,0,28,0.0979,1.0,1.0,285,27.0,4389.0,4389.0,276,27,0.0978,286,0,0,286,,,keep,none,active_keep_calibration_pending,True,lt_3
113,ИИ инструменты,active,seed,,2026-09-16T14:30:36.488058+00:00,2026-09-16T14:30:36.488058,1,1,0,2026-09-29T16:42:45.851347+00:00,2026-09-29T16:44:22.321768+00:00,0.027,140,140,115,140,140,0,0.0,0,0,0,19,0.1357,1.0,1.0,140,43.0,1634.2,1634.2,133,14,0.1053,140,0,0,140,,,keep,none,active_keep_calibration_pending,True,lt_3
114,автоматизация с ИИ,active,seed,,2026-09-16T14:30:36.488058+00:00,2026-09-16T14:30:36.488058,1,1,0,2026-09-29T16:44:22.622115+00:00,2026-09-29T16:45:56.620365+00:00,0.026,165,165,122,165,165,0,0.0,0,0,0,39,0.2364,1.0,1.0,165,13.0,1002.4,1002.4,159,5,0.0314,165,0,0,165,,,keep,none,active_keep_calibration_pending,True,lt_3
115,продуктивность,active,seed,,2026-09-16T14:30:36.488058+00:00,2026-09-16T14:30:36.488058,1,1,0,2026-09-29T16:45:56.911455+00:00,2026-09-29T16:47:26.959582+00:00,0.025,135,135,120,135,133,0,0.0,0,0,0,4,0.0296,0.9852,0.9852,128,24.5,1452.4,1452.4,123,7,0.0569,135,0,0,135,,,keep,none,active_keep_calibration_pending,True,lt_3
116,саморазвитие,active,seed,,2026-09-16T14:30:36.488058+00:00,2026-09-16T14:30:36.488058,1,1,0,2026-09-29T16:52:31.691745+00:00,2026-09-29T16:56:05.334612+00:00,0.059,305,305,297,305,289,0,0.0,0,0,0,0,0.0,0.9475,0.9475,302,6.0,736.1,736.1,297,5,0.0168,305,0,0,305,,,keep,none,active_keep_calibration_pending,True,lt_3
117,дисциплина,active,seed,,2026-09-16T14:30:36.488058+00:00,2026-09-16T14:30:36.488058,1,1,0,2026-09-29T16:56:05.654632+00:00,2026-09-29T16:58:01.548246+00:00,0.032,193,193,146,193,182,0,0.0,0,0,0,28,0.1451,0.943,0.943,193,17.0,922.0,922.0,174,5,0.0287,193,0,0,193,,,keep,none,active_keep_calibration_pending,True,lt_3
118,психология факты,active,seed,,2026-09-16T14:30:36.488058+00:00,2026-09-16T14:30:36.488058,1,1,0,2026-09-29T16:58:01.839508+00:00,2026-09-29T16:59:18.165948+00:00,0.021,119,119,98,119,118,0,0.0,0,0,0,16,0.1345,0.9916,0.9916,118,11.06,1657.3,1657.3,114,6,0.0526,119,0,0,119,,,keep,none,active_keep_calibration_pending,True,lt_3
119,интересные факты,active,seed,,2026-09-16T14:30:36.488058+00:00,2026-09-16T14:30:36.488058,1,1,0,2026-09-29T16:59:18.481488+00:00,2026-09-29T17:01:34.219676+00:00,0.038,210,210,186,210,208,0,0.0,0,0,0,12,0.0571,0.9905,0.9905,210,14.5,761.7,761.7,198,3,0.0152,210,0,0,210,,,keep,none,active_keep_calibration_pending,True,lt_3
120,необычные факты,active,seed,,2026-09-16T14:30:36.488058+00:00,2026-09-16T14:30:36.488058,1,1,0,2026-09-29T17:01:34.514390+00:00,2026-09-29T17:02:14.246495+00:00,0.011,77,77,50,77,75,0,0.0,0,0,0,26,0.3377,0.974,0.974,77,7.0,363.584,363.584,76,2,0.0263,77,0,0,77,,,keep,none,active_keep_calibration_pending,True,lt_3
121,научные факты,active,seed,,2026-09-16T14:30:36.488058+00:00,2026-09-16T14:30:36.488058,1,1,0,2026-09-29T17:07:17.415986+00:00,2026-09-29T17:08:31.507176+00:00,0.021,91,91,91,91,76,0,0.0,0,0,0,0,0.0,0.8352,0.8352,91,20.0,460.0,460.0,91,3,0.033,91,0,0,91,,,keep,none,active_keep_calibration_pending,True,lt_3
122,технологии,active,seed,,2026-09-16T14:30:36.488058+00:00,2026-09-16T14:30:36.488058,1,1,0,2026-09-29T17:08:31.836304+00:00,2026-09-29T17:13:08.597857+00:00,0.077,334,334,318,334,326,0,0.0,0,0,0,0,0.0,0.976,0.976,333,1137.0,9841.0,9841.0,318,50,0.1572,334,0,0,334,,,keep,none,active_keep_calibration_pending,True,lt_3
123,технологии будущего,active,seed,,2026-09-16T14:30:36.488058+00:00,2026-09-16T14:30:36.488058,1,1,0,2026-09-29T17:13:08.887559+00:00,2026-09-29T17:14:27.957941+00:00,0.022,103,103,91,103,84,0,0.0,0,0,0,9,0.0874,0.8155,0.8155,103,23.0,3088.4,3088.4,100,5,0.05,103,0,0,103,,,keep,none,active_keep_calibration_pending,True,lt_3
124,интернет культура,active,seed,,2026-09-16T14:30:36.488058+00:00,2026-09-16T14:30:36.488058,1,1,0,2026-09-29T17:14:28.253360+00:00,2026-09-29T17:15:31.556252+00:00,0.018,85,85,74,85,83,0,0.0,0,0,0,2,0.0235,0.9765,0.9765,85,21.0,1858.0,1858.0,59,5,0.0847,85,0,0,85,,,keep,none,active_keep_calibration_pending,True,lt_3
125,тайны интернета,active,seed,,2026-09-16T14:30:36.488058+00:00,2026-09-16T14:30:36.488058,1,1,0,2026-09-29T17:15:31.846540+00:00,2026-09-29T17:17:36.912988+00:00,0.035,165,165,148,165,161,0,0.0,0,0,0,5,0.0303,0.9758,0.9758,162,87.29,3554.4,3554.4,151,12,0.0795,165,0,0,165,,,keep,none,active_keep_calibration_pending,True,lt_3
126,неразгаданные тайны,active,seed,,2026-09-16T14:30:36.488058+00:00,2026-09-16T14:30:36.488058,1,1,0,2026-09-29T17:22:39.461041+00:00,2026-09-29T17:22:50.965415+00:00,0.003,12,12,11,12,9,0,0.0,0,0,0,0,0.0,0.75,0.75,11,7.0,250.0,250.0,11,0,0.0,12,0,0,12,,,keep,none,active_keep_calibration_pending,True,lt_3
127,странная история,active,seed,,2026-09-16T14:30:36.488058+00:00,2026-09-16T14:30:36.488058,1,1,0,2026-09-29T17:22:51.255297+00:00,2026-09-29T17:24:05.182579+00:00,0.021,91,91,89,91,87,0,0.0,0,0,0,0,0.0,0.956,0.956,91,75.0,2675.0,2675.0,90,9,0.1,91,0,0,91,,,keep,none,active_keep_calibration_pending,True,lt_3
128,забытые истории,active,seed,,2026-09-16T14:30:36.488058+00:00,2026-09-16T14:30:36.488058,1,1,0,2026-09-29T17:24:05.472787+00:00,2026-09-29T17:27:03.433330+00:00,0.049,270,270,260,270,257,0,0.0,0,0,0,3,0.0111,0.9519,0.9519,270,11.0,1220.8,1220.8,263,12,0.0456,270,0,0,270,,,keep,none,active_keep_calibration_pending,True,lt_3
129,история России,active,seed,,2026-09-16T14:30:36.488058+00:00,2026-09-16T14:30:36.488058,1,1,0,2026-09-29T17:27:03.726864+00:00,2026-09-29T17:29:18.203211+00:00,0.037,181,181,173,181,161,0,0.0,0,0,0,5,0.0276,0.8895,0.8895,181,38.0,7996.0,7996.0,178,21,0.118,181,0,0,181,,,keep,none,active_keep_calibration_pending,True,lt_3
130,исторические загадки,active,seed,,2026-09-16T14:30:36.488058+00:00,2026-09-16T14:30:36.488058,1,1,0,2026-09-29T17:29:18.490484+00:00,2026-09-29T17:29:56.490739+00:00,0.011,59,59,51,59,51,0,0.0,0,0,0,5,0.0847,0.8644,0.8644,59,8.0,1121.4,1121.4,56,2,0.0357,59,0,0,59,,,keep,none,active_keep_calibration_pending,True,lt_3
131,древние цивилизации,active,seed,,2026-09-16T14:30:36.488058+00:00,2026-09-16T14:30:36.488058,1,1,0,2026-09-29T17:34:59.078320+00:00,2026-09-29T17:36:22.646607+00:00,0.023,110,110,104,110,85,0,0.0,0,0,0,0,0.0,0.7727,0.7727,109,15.0,3113.0,3113.0,104,7,0.0673,110,0,0,110,,,keep,none,active_keep_calibration_pending,True,lt_3
132,космос,active,seed,,2026-09-16T14:30:36.488058+00:00,2026-09-16T14:30:36.488058,1,1,0,2026-09-29T17:36:22.940214+00:00,2026-09-29T17:39:05.032968+00:00,0.045,210,210,200,210,194,0,0.0,0,0,0,0,0.0,0.9238,0.9238,206,11.0,1025.0,1025.0,200,8,0.04,210,0,0,210,,,keep,none,active_keep_calibration_pending,True,lt_3
133,тайны космоса,active,seed,,2026-09-16T14:30:36.488058+00:00,2026-09-16T14:30:36.488058,1,1,0,2026-09-29T17:39:05.321966+00:00,2026-09-29T17:39:29.503655+00:00,0.007,33,33,24,33,28,0,0.0,0,0,0,8,0.2424,0.8485,0.8485,32,6.0,604.6,604.6,32,2,0.0625,33,0,0,33,,,keep,none,active_keep_calibration_pending,True,lt_3
134,научные эксперименты,active,seed,,2026-09-16T14:30:36.488058+00:00,2026-09-16T14:30:36.488058,1,1,0,2026-09-29T17:39:29.793828+00:00,2026-09-29T17:39:46.720482+00:00,0.005,19,19,19,19,17,0,0.0,0,0,0,0,0.0,0.8947,0.8947,19,25.0,2864.6,2864.6,19,2,0.1053,19,0,0,19,,,keep,none,active_keep_calibration_pending,True,lt_3
135,игры,active,seed,,2026-09-16T14:30:36.488058+00:00,2026-09-16T14:30:36.488058,1,1,0,2026-09-29T17:39:47.009400+00:00,2026-09-29T17:45:19.374794+00:00,0.092,345,345,320,345,338,0,0.0,0,0,0,0,0.0,0.9797,0.9797,341,111.0,19379.0,19379.0,320,73,0.2281,345,0,0,345,,,keep,none,active_keep_calibration_pending,True,lt_3
136,Minecraft испытания,active,seed,,2026-09-16T14:30:36.488058+00:00,2026-09-16T14:30:36.488058,1,1,0,2026-09-29T17:50:21.929157+00:00,2026-09-29T17:50:51.540890+00:00,0.008,40,40,35,40,40,0,0.0,0,0,0,0,0.0,1.0,1.0,40,26.5,2057.7,2057.7,35,5,0.1429,40,0,0,40,,,keep,none,active_keep_calibration_pending,True,lt_3
137,игровые эксперименты,active,seed,,2026-09-16T14:30:36.488058+00:00,2026-09-16T14:30:36.488058,1,1,0,2026-09-29T17:50:51.839442+00:00,2026-09-29T17:53:08.553210+00:00,0.038,188,188,171,188,176,0,0.0,0,0,0,2,0.0106,0.9362,0.9362,185,32.29,3337.0,3337.0,173,18,0.104,188,0,0,188,,,keep,none,active_keep_calibration_pending,True,lt_3
138,тайны видеоигр,active,seed,,2026-09-16T14:30:36.488058+00:00,2026-09-16T14:30:36.488058,1,1,0,2026-09-29T17:53:08.842895+00:00,2026-09-29T17:54:35.520144+00:00,0.024,119,119,108,119,104,0,0.0,0,0,0,3,0.0252,0.8739,0.8739,117,4.88,1113.0,1113.0,111,8,0.0721,119,0,0,119,,,keep,none,active_keep_calibration_pending,True,lt_3
140,организация дома,active,seed,,2026-09-16T14:30:36.488058+00:00,2026-09-16T14:30:36.488058,1,1,0,2026-09-29T17:54:35.810174+00:00,2026-09-29T17:56:56.251687+00:00,0.039,159,159,153,159,148,0,0.0,0,0,0,0,0.0,0.9308,0.9308,156,218.5,19282.5,19282.5,153,34,0.2222,159,0,0,159,,,keep,none,active_keep_calibration_pending,True,lt_3
141,ремонт своими руками,active,seed,,2026-09-16T14:30:36.488058+00:00,2026-09-16T14:30:36.488058,1,1,0,2026-09-29T17:56:56.544315+00:00,2026-09-29T17:58:15.235386+00:00,0.022,103,103,100,103,102,0,0.0,0,0,0,3,0.0291,0.9903,0.9903,103,26.33,4282.0,4282.0,103,10,0.0971,103,0,0,103,,,keep,none,active_keep_calibration_pending,True,lt_3
142,лайфхаки,active,seed,,2026-09-16T14:30:36.488058+00:00,2026-09-16T14:30:36.488058,1,1,0,2026-09-29T18:03:17.801545+00:00,2026-09-29T18:04:54.477235+00:00,0.027,156,156,134,156,136,0,0.0,0,0,0,0,0.0,0.8718,0.8718,138,62.0,2642.0,2642.0,134,7,0.0522,156,0,0,156,,,keep,none,active_keep_calibration_pending,True,lt_3
143,путешествия,active,seed,,2026-09-16T14:30:36.488058+00:00,2026-09-16T14:30:36.488058,1,1,0,2026-09-29T18:04:54.772170+00:00,2026-09-29T18:08:47.606643+00:00,0.065,283,283,267,283,260,0,0.0,0,0,0,0,0.0,0.9187,0.9187,279,232.0,5203.2,5203.2,267,31,0.1161,283,0,0,283,,,keep,none,active_keep_calibration_pending,True,lt_3
144,необычные места,active,seed,,2026-09-16T14:30:36.488058+00:00,2026-09-16T14:30:36.488058,1,1,0,2026-09-29T18:08:47.895402+00:00,2026-09-29T18:09:28.046739+00:00,0.011,56,56,51,56,41,0,0.0,0,0,0,2,0.0357,0.7321,0.7321,55,16.0,3256.0,3256.0,53,2,0.0377,56,0,0,56,,,keep,none,active_keep_calibration_pending,True,lt_3
145,истории выживания,active,seed,,2026-09-16T14:30:36.488058+00:00,2026-09-16T14:30:36.488058,1,1,0,2026-09-29T18:09:28.334807+00:00,2026-09-29T18:10:41.657837+00:00,0.02,110,110,103,110,95,0,0.0,0,0,0,1,0.0091,0.8636,0.8636,110,27.0,2268.0,2268.0,104,7,0.0673,110,0,0,110,,,keep,none,active_keep_calibration_pending,True,lt_3
146,реальные истории,active,seed,,2026-09-16T14:30:36.488058+00:00,2026-09-16T14:30:36.488058,1,1,0,2026-09-29T18:10:41.947188+00:00,2026-09-29T18:15:41.073614+00:00,0.083,428,428,423,428,384,0,0.0,0,0,0,3,0.007,0.8972,0.8972,427,10.0,1836.7,1836.7,426,21,0.0493,428,0,0,428,,,keep,none,active_keep_calibration_pending,True,lt_3
147,истории с Reddit,active,seed,,2026-09-16T14:30:36.488058+00:00,2026-09-16T14:30:36.488058,1,1,0,2026-09-29T18:20:43.652244+00:00,2026-09-29T18:22:27.228908+00:00,0.029,122,122,122,122,103,0,0.0,0,0,0,0,0.0,0.8443,0.8443,122,126.0,5873.0,5873.0,122,16,0.1311,122,0,0,122,,,keep,none,active_keep_calibration_pending,True,lt_3
148,что если,active,seed,,2026-09-16T14:30:36.488058+00:00,2026-09-16T14:30:36.488058,1,1,0,2026-09-29T18:22:27.518726+00:00,2026-09-29T18:28:13.320062+00:00,0.096,298,298,294,298,247,0,0.0,0,0,0,0,0.0,0.8289,0.8289,297,2544.0,34580.2,34580.2,294,116,0.3946,298,0,0,298,,,keep,none,active_keep_calibration_pending,True,lt_3
149,тогда и сейчас,active,seed,,2026-09-16T14:30:36.488058+00:00,2026-09-16T14:30:36.488058,1,1,0,2026-09-29T18:28:13.610065+00:00,2026-09-29T18:30:30.848113+00:00,0.038,153,153,137,153,127,0,0.0,0,0,0,4,0.0261,0.8301,0.8301,150,242.585,46002.4,46002.4,141,39,0.2766,153,0,0,153,,,keep,none,active_keep_calibration_pending,True,lt_3
150,как это работает,active,seed,,2026-09-16T14:30:36.488058+00:00,2026-09-16T14:30:36.488058,1,1,0,2026-09-29T18:30:31.137833+00:00,2026-09-29T18:34:43.026999+00:00,0.07,318,318,292,318,276,0,0.0,0,0,0,17,0.0535,0.8679,0.8679,318,54.5,9202.7,9202.7,307,58,0.1889,318,0,0,318,,,keep,none,active_keep_calibration_pending,True,lt_3
151,ai tools for students,probation,suggestion,1,2026-09-16T14:35:09.271743+00:00,2026-09-16T13:37:06.833089,4,4,0,2026-09-16T14:31:25.168372+00:00,2026-09-30T07:29:25.190911+00:00,328.967,1243,1243,1174,840,792,0,0.0,0,0,0,0,0.0,0.9429,0.9429,834,6.0,231.7,231.7,517,28,0.0542,840,249,0,840,,,preliminary_review,preliminary,probation_yield_preliminary,True,3_5
152,ai tools for education,probation,suggestion,1,2026-09-16T14:35:09.271743+00:00,2026-09-16T13:37:07.676275,4,4,0,2026-09-16T14:35:01.758260+00:00,2026-09-30T07:32:04.572384+00:00,328.951,1370,1370,1146,1039,946,0,0.0,0,0,0,113,0.0825,0.9105,0.9105,1035,7.0,713.724,713.724,604,19,0.0315,1039,324,0,1039,,,preliminary_review,preliminary,probation_yield_preliminary,True,3_5
153,ai tools for research,probation,suggestion,1,2026-09-16T14:35:09.271743+00:00,2026-09-16T13:37:08.509263,4,4,0,2026-09-16T14:39:08.874285+00:00,2026-09-30T07:41:37.073911+00:00,329.041,1192,1192,1010,917,774,0,0.0,0,0,0,108,0.0906,0.8441,0.8441,913,8.0,1487.4,1487.4,574,47,0.0819,917,268,0,917,,,preliminary_review,preliminary,probation_yield_preliminary,True,3_5
154,ai tools for video editing,probation,suggestion,1,2026-09-16T14:35:09.271743+00:00,2026-09-16T13:37:09.339496,4,4,0,2026-09-16T14:42:41.136360+00:00,2026-09-30T07:51:52.870051+00:00,329.153,1318,1318,1189,951,910,0,0.0,0,0,0,73,0.0554,0.9569,0.9569,951,8.0,890.0,890.0,711,34,0.0478,951,200,0,951,,,preliminary_review,preliminary,probation_yield_preliminary,True,3_5
155,ai tools for project managers,probation,suggestion,1,2026-09-16T14:35:09.271743+00:00,2026-09-16T13:37:10.170538,4,4,0,2026-09-16T14:45:09.489669+00:00,2026-09-30T07:54:10.559304+00:00,329.15,605,605,514,412,409,0,0.0,0,0,0,40,0.0661,0.9927,0.9927,411,4.0,317.0,317.0,236,17,0.072,412,141,0,412,,,preliminary_review,preliminary,probation_yield_preliminary,True,3_5
156,ai tools for research paper,probation,suggestion,1,2026-09-16T14:35:09.271743+00:00,2026-09-16T13:37:11.001879,4,4,0,2026-09-16T15:05:20.288381+00:00,2026-09-30T07:55:46.575649+00:00,328.841,414,414,360,268,245,0,0.0,0,0,0,35,0.0845,0.9142,0.9142,268,6.5,1093.1,1093.1,157,14,0.0892,268,92,0,268,,,preliminary_review,preliminary,probation_yield_preliminary,True,3_5
157,ai tools for coding/ programming,probation,suggestion,1,2026-09-16T14:35:09.271743+00:00,2026-09-16T13:37:11.832814,4,4,0,2026-09-16T15:06:44.365265+00:00,2026-09-30T08:03:13.780615+00:00,328.942,652,652,604,418,336,0,0.0,0,0,0,11,0.0169,0.8038,0.8038,416,10.0,850.5,850.5,235,21,0.0894,418,146,0,418,,,preliminary_review,preliminary,probation_yield_preliminary,True,3_5
158,ai tools for business,probation,suggestion,1,2026-09-16T14:35:09.271743+00:00,2026-09-16T13:37:12.663730,4,4,0,2026-09-16T15:11:43.483319+00:00,2026-09-30T08:16:30.796896+00:00,329.08,1214,1214,1095,985,742,0,0.0,0,0,0,5,0.0041,0.7533,0.7533,982,6.0,2820.1,2820.1,555,66,0.1189,985,317,0,985,,,preliminary_review,preliminary,probation_yield_preliminary,True,3_5
159,ai tools for productivity,probation,suggestion,1,2026-09-16T14:35:09.271743+00:00,2026-09-16T13:37:13.497206,4,4,0,2026-09-16T15:16:20.351022+00:00,2026-09-30T08:19:25.869474+00:00,329.052,1256,1256,982,1017,774,0,0.0,0,0,0,162,0.129,0.7611,0.7611,985,5.0,193.8,193.8,499,22,0.0441,1017,365,0,1017,,,preliminary_review,preliminary,probation_yield_preliminary,True,3_5
