scan_run_id,keyword_id,discovery_run_id,started_at,finished_at,status,raw_candidates,unique_candidates,persisted_videos,new_to_database_video_count,zero_raw_result,zero_persisted_result,zero_new_video_yield,scan_failed
10,1,discovery_20260916T153124Z_05e77f4d,2026-09-16T15:31:26.039744+00:00,2026-09-16T15:37:22.566907+00:00,ok,417,417,385,258,False,False,False,False
99,1,discovery_20260929T190208Z_23c34db4,2026-09-29T19:11:42.937017+00:00,2026-09-29T19:16:37.277659+00:00,ok,465,465,347,340,False,False,False,False
11,2,discovery_20260916T153124Z_05e77f4d,2026-09-16T15:37:22.883659+00:00,2026-09-16T15:45:46.249761+00:00,ok,311,311,167,311,False,False,False,False
100,2,discovery_20260929T190208Z_23c34db4,2026-09-29T19:16:37.573137+00:00,2026-09-29T19:27:10.168024+00:00,ok,464,464,216,456,False,False,False,False
12,3,discovery_20260916T155547Z_a1c475e8,2026-09-16T15:55:48.566602+00:00,2026-09-16T15:59:24.145865+00:00,ok,213,213,201,212,False,False,False,False
101,3,discovery_20260929T193211Z_f05b8999,2026-09-29T19:32:12.886755+00:00,2026-09-29T19:38:16.557727+00:00,ok,479,479,457,473,False,False,False,False
13,4,discovery_20260916T155547Z_a1c475e8,2026-09-16T15:59:24.453499+00:00,2026-09-16T16:05:58.414504+00:00,ok,443,443,393,430,False,False,False,False
102,4,discovery_20260929T193211Z_f05b8999,2026-09-29T19:38:16.852137+00:00,2026-09-29T19:43:50.658241+00:00,ok,453,453,422,429,False,False,False,False
14,5,discovery_20260916T161559Z_726c1ef0,2026-09-16T16:16:00.728796+00:00,2026-09-16T16:18:20.424785+00:00,ok,198,198,186,198,False,False,False,False
103,5,discovery_20260929T193211Z_f05b8999,2026-09-29T19:43:50.949103+00:00,2026-09-29T19:47:30.265720+00:00,ok,329,329,320,325,False,False,False,False
15,72,discovery_20260916T161559Z_726c1ef0,2026-09-16T16:18:20.736491+00:00,2026-09-16T16:25:47.569749+00:00,ok,457,457,418,427,False,False,False,False
104,72,discovery_20260929T193211Z_f05b8999,2026-09-29T19:47:30.564589+00:00,2026-09-29T19:53:16.369650+00:00,ok,419,419,394,376,False,False,False,False
16,73,discovery_20260916T163548Z_3d4040c7,2026-09-16T16:35:49.900753+00:00,2026-09-16T16:39:53.318320+00:00,ok,313,313,288,236,False,False,False,False
105,73,discovery_20260929T193211Z_f05b8999,2026-09-29T19:53:16.660993+00:00,2026-09-29T19:56:36.514480+00:00,ok,307,307,265,245,False,False,False,False
17,74,discovery_20260916T163548Z_3d4040c7,2026-09-16T16:39:53.628879+00:00,2026-09-16T16:45:03.470620+00:00,ok,418,418,365,368,False,False,False,False
106,74,discovery_20260929T200137Z_8002b7e3,2026-09-29T20:01:39.324036+00:00,2026-09-29T20:07:00.856620+00:00,ok,474,474,437,411,False,False,False,False
18,75,discovery_20260916T165504Z_4faad49c,2026-09-16T16:55:05.860337+00:00,2026-09-16T16:59:16.727981+00:00,ok,361,361,326,347,False,False,False,False
107,75,discovery_20260929T200137Z_8002b7e3,2026-09-29T20:07:01.161088+00:00,2026-09-29T20:11:42.310839+00:00,ok,464,464,406,437,False,False,False,False
19,77,discovery_20260916T165504Z_4faad49c,2026-09-16T16:59:17.039059+00:00,2026-09-16T17:01:32.231363+00:00,ok,188,188,169,183,False,False,False,False
108,77,discovery_20260929T200137Z_8002b7e3,2026-09-29T20:11:42.605087+00:00,2026-09-29T20:16:57.423107+00:00,ok,485,485,455,456,False,False,False,False
20,78,discovery_20260916T171133Z_df5eb956,2026-09-16T17:11:34.720690+00:00,2026-09-16T17:15:51.951500+00:00,ok,361,361,341,358,False,False,False,False
109,78,discovery_20260929T200137Z_8002b7e3,2026-09-29T20:16:57.719571+00:00,2026-09-29T20:21:23.884221+00:00,ok,438,438,425,428,False,False,False,False
21,79,discovery_20260916T171133Z_df5eb956,2026-09-16T17:15:52.259930+00:00,2026-09-16T17:19:22.372252+00:00,ok,215,215,191,213,False,False,False,False
110,79,discovery_20260929T200137Z_8002b7e3,2026-09-29T20:21:24.176410+00:00,2026-09-29T20:25:23.002701+00:00,ok,256,256,235,238,False,False,False,False
22,80,discovery_20260916T172923Z_10ca9baf,2026-09-16T17:29:24.796869+00:00,2026-09-16T17:35:27.488264+00:00,ok,469,469,441,397,False,False,False,False
111,80,discovery_20260929T203024Z_95679224,2026-09-29T20:30:25.699386+00:00,2026-09-29T20:34:46.720115+00:00,ok,372,372,362,286,False,False,False,False
23,81,discovery_20260916T172923Z_10ca9baf,2026-09-16T17:35:27.802354+00:00,2026-09-16T17:42:08.558074+00:00,ok,490,490,422,453,False,False,False,False
112,81,discovery_20260929T203024Z_95679224,2026-09-29T20:34:47.020667+00:00,2026-09-29T20:40:24.855182+00:00,ok,480,480,416,440,False,False,False,False
24,83,discovery_20260916T175209Z_86aa089d,2026-09-16T17:52:11.005763+00:00,2026-09-16T17:57:38.043211+00:00,ok,400,400,367,343,False,False,False,False
113,83,discovery_20260929T203024Z_95679224,2026-09-29T20:40:25.145713+00:00,2026-09-29T20:46:10.197607+00:00,ok,485,485,450,407,False,False,False,False
25,84,discovery_20260916T175209Z_86aa089d,2026-09-16T17:57:38.358379+00:00,2026-09-16T18:01:45.383646+00:00,ok,302,302,251,300,False,False,False,False
114,84,discovery_20260929T203024Z_95679224,2026-09-29T20:46:10.497132+00:00,2026-09-29T20:51:21.734343+00:00,ok,478,478,420,469,False,False,False,False
26,85,discovery_20260916T181146Z_2173344b,2026-09-16T18:11:47.725974+00:00,2026-09-16T18:14:13.936756+00:00,ok,191,191,180,184,False,False,False,False
115,85,discovery_20260929T203024Z_95679224,2026-09-29T20:51:22.023286+00:00,2026-09-29T20:53:36.892770+00:00,ok,211,211,193,196,False,False,False,False
27,86,discovery_20260916T181146Z_2173344b,2026-09-16T18:14:14.250987+00:00,2026-09-16T18:17:21.851371+00:00,ok,258,258,242,254,False,False,False,False
116,86,discovery_20260929T205838Z_e423883e,2026-09-29T20:58:39.596808+00:00,2026-09-29T21:03:20.522335+00:00,ok,438,438,419,403,False,False,False,False
28,87,discovery_20260928T121126Z_987bb2df,2026-09-28T12:11:27.985570+00:00,2026-09-28T12:17:53.464648+00:00,ok,327,327,297,327,False,False,False,False
117,87,discovery_20260929T205838Z_e423883e,2026-09-29T21:03:20.818872+00:00,2026-09-29T21:06:32.631927+00:00,ok,300,300,279,276,False,False,False,False
29,88,discovery_20260928T121126Z_987bb2df,2026-09-28T12:17:54.109521+00:00,2026-09-28T12:27:52.808748+00:00,ok,475,475,435,475,False,False,False,False
118,88,discovery_20260929T205838Z_e423883e,2026-09-29T21:06:32.929958+00:00,2026-09-29T21:11:11.577179+00:00,ok,460,460,408,431,False,False,False,False
30,89,discovery_20260928T121126Z_987bb2df,2026-09-28T12:27:53.520318+00:00,2026-09-28T12:38:00.556460+00:00,ok,445,445,382,445,False,False,False,False
119,89,discovery_20260929T205838Z_e423883e,2026-09-29T21:11:11.868057+00:00,2026-09-29T21:15:40.436586+00:00,ok,432,432,354,409,False,False,False,False
31,90,discovery_20260928T121126Z_987bb2df,2026-09-28T12:38:01.376693+00:00,2026-09-28T12:44:06.682442+00:00,ok,288,288,239,288,False,False,False,False
120,90,discovery_20260929T205838Z_e423883e,2026-09-29T21:15:40.740003+00:00,2026-09-29T21:18:09.822821+00:00,ok,279,279,201,266,False,False,False,False
32,91,discovery_20260928T121126Z_987bb2df,2026-09-28T12:44:07.445269+00:00,2026-09-28T12:55:53.068659+00:00,ok,474,474,390,474,False,False,False,False
121,91,discovery_20260929T212311Z_09679fc3,2026-09-29T21:23:12.555632+00:00,2026-09-29T21:28:07.916261+00:00,ok,456,456,434,365,False,False,False,False
33,92,discovery_20260929T065415Z_2dfe1fa3,2026-09-29T06:54:18.225757+00:00,2026-09-29T06:59:02.596065+00:00,ok,238,238,218,238,False,False,False,False
133,92,discovery_20260930T072408Z_32210794,2026-09-30T07:32:05.014543+00:00,2026-09-30T07:37:06.584946+00:00,ok,335,335,309,328,False,False,False,False
34,93,discovery_20260929T065415Z_2dfe1fa3,2026-09-29T06:59:03.063006+00:00,2026-09-29T07:03:55.693100+00:00,ok,263,263,246,263,False,False,False,False
135,93,discovery_20260930T072408Z_32210794,2026-09-30T07:41:37.388976+00:00,2026-09-30T07:44:19.869569+00:00,ok,237,237,212,223,False,False,False,False
35,94,discovery_20260929T065415Z_2dfe1fa3,2026-09-29T07:03:56.404519+00:00,2026-09-29T07:11:58.398843+00:00,ok,403,403,381,403,False,False,False,False
139,94,discovery_20260930T074921Z_aabc86b3,2026-09-30T07:55:46.891816+00:00,2026-09-30T08:01:00.161053+00:00,ok,434,434,405,408,False,False,False,False
36,96,discovery_20260929T065415Z_2dfe1fa3,2026-09-29T07:11:58.819805+00:00,2026-09-29T07:17:47.581348+00:00,ok,398,398,266,398,False,False,False,False
141,96,discovery_20260930T080815Z_c41d9d1f,2026-09-30T08:08:16.937608+00:00,2026-09-30T08:12:03.458723+00:00,ok,394,394,266,392,False,False,False,False
37,97,discovery_20260929T065415Z_2dfe1fa3,2026-09-29T07:17:47.962132+00:00,2026-09-29T07:22:03.879340+00:00,ok,381,381,315,381,False,False,False,False
144,97,discovery_20260930T080815Z_c41d9d1f,2026-09-30T08:19:26.186139+00:00,2026-09-30T08:24:53.554361+00:00,ok,458,458,385,442,False,False,False,False
38,98,discovery_20260929T084311Z_cbcf3a70,2026-09-29T08:43:42.531708+00:00,2026-09-29T08:47:00.591081+00:00,ok,228,228,197,226,False,False,False,False
145,98,discovery_20260930T085005Z_3a9d1e37,2026-09-30T08:50:10.224890+00:00,2026-09-30T08:53:25.634780+00:00,ok,193,193,172,181,False,False,False,False
39,99,discovery_20260929T090332Z_b19c9261,2026-09-29T09:03:33.897015+00:00,2026-09-29T09:16:17.167942+00:00,ok,437,437,329,436,False,False,False,False
146,99,discovery_20260930T091837Z_e757ba68,2026-09-30T09:18:39.561236+00:00,2026-09-30T09:33:40.116736+00:00,ok,455,455,352,449,False,False,False,False
40,100,discovery_20260929T090332Z_b19c9261,2026-09-29T09:16:17.464812+00:00,2026-09-29T09:19:58.720699+00:00,ok,291,291,274,291,False,False,False,False
147,100,discovery_20260930T093841Z_dd8e364c,2026-09-30T09:38:49.492628+00:00,2026-09-30T09:45:53.421781+00:00,ok,407,407,392,396,False,False,False,False
41,101,discovery_20260929T102419Z_362a73eb,2026-09-29T10:24:23.792140+00:00,2026-09-29T10:32:20.502739+00:00,ok,406,406,385,400,False,False,False,False
42,102,discovery_20260929T102419Z_362a73eb,2026-09-29T10:32:20.816030+00:00,2026-09-29T10:38:33.889043+00:00,ok,363,363,332,351,False,False,False,False
43,103,discovery_20260929T102419Z_362a73eb,2026-09-29T10:38:34.191366+00:00,2026-09-29T10:45:24.572238+00:00,ok,476,476,450,475,False,False,False,False
44,104,discovery_20260929T102419Z_362a73eb,2026-09-29T10:45:24.883348+00:00,2026-09-29T10:49:44.643666+00:00,ok,303,303,279,299,False,False,False,False
45,105,discovery_20260929T105811Z_19ec5eb7,2026-09-29T10:58:16.361082+00:00,2026-09-29T11:05:08.495338+00:00,ok,369,369,348,366,False,False,False,False
46,106,discovery_20260929T161011Z_e28ee69f,2026-09-29T16:10:13.087702+00:00,2026-09-29T16:15:42.912807+00:00,ok,452,452,436,444,False,False,False,False
47,107,discovery_20260929T161011Z_e28ee69f,2026-09-29T16:15:43.232218+00:00,2026-09-29T16:18:08.674275+00:00,ok,177,177,158,176,False,False,False,False
48,108,discovery_20260929T161011Z_e28ee69f,2026-09-29T16:18:08.965845+00:00,2026-09-29T16:23:41.195306+00:00,ok,473,473,444,468,False,False,False,False
49,109,discovery_20260929T161011Z_e28ee69f,2026-09-29T16:23:41.486495+00:00,2026-09-29T16:27:33.006041+00:00,ok,326,326,277,325,False,False,False,False
50,110,discovery_20260929T161011Z_e28ee69f,2026-09-29T16:27:33.303605+00:00,2026-09-29T16:31:30.606029+00:00,ok,278,278,238,277,False,False,False,False
51,111,discovery_20260929T163632Z_d7b705d4,2026-09-29T16:36:35.201315+00:00,2026-09-29T16:39:19.679235+00:00,ok,245,245,240,245,False,False,False,False
52,112,discovery_20260929T163632Z_d7b705d4,2026-09-29T16:39:19.974488+00:00,2026-09-29T16:42:45.561906+00:00,ok,286,286,248,286,False,False,False,False
53,113,discovery_20260929T163632Z_d7b705d4,2026-09-29T16:42:45.851347+00:00,2026-09-29T16:44:22.321768+00:00,ok,140,140,115,140,False,False,False,False
54,114,discovery_20260929T163632Z_d7b705d4,2026-09-29T16:44:22.622115+00:00,2026-09-29T16:45:56.620365+00:00,ok,165,165,122,165,False,False,False,False
55,115,discovery_20260929T163632Z_d7b705d4,2026-09-29T16:45:56.911455+00:00,2026-09-29T16:47:26.959582+00:00,ok,135,135,120,133,False,False,False,False
56,116,discovery_20260929T165228Z_e66e82f8,2026-09-29T16:52:31.691745+00:00,2026-09-29T16:56:05.334612+00:00,ok,305,305,297,289,False,False,False,False
57,117,discovery_20260929T165228Z_e66e82f8,2026-09-29T16:56:05.654632+00:00,2026-09-29T16:58:01.548246+00:00,ok,193,193,146,182,False,False,False,False
58,118,discovery_20260929T165228Z_e66e82f8,2026-09-29T16:58:01.839508+00:00,2026-09-29T16:59:18.165948+00:00,ok,119,119,98,118,False,False,False,False
59,119,discovery_20260929T165228Z_e66e82f8,2026-09-29T16:59:18.481488+00:00,2026-09-29T17:01:34.219676+00:00,ok,210,210,186,208,False,False,False,False
60,120,discovery_20260929T165228Z_e66e82f8,2026-09-29T17:01:34.514390+00:00,2026-09-29T17:02:14.246495+00:00,ok,77,77,50,75,False,False,False,False
61,121,discovery_20260929T170715Z_a93ee3f0,2026-09-29T17:07:17.415986+00:00,2026-09-29T17:08:31.507176+00:00,ok,91,91,91,76,False,False,False,False
62,122,discovery_20260929T170715Z_a93ee3f0,2026-09-29T17:08:31.836304+00:00,2026-09-29T17:13:08.597857+00:00,ok,334,334,318,326,False,False,False,False
63,123,discovery_20260929T170715Z_a93ee3f0,2026-09-29T17:13:08.887559+00:00,2026-09-29T17:14:27.957941+00:00,ok,103,103,91,84,False,False,False,False
64,124,discovery_20260929T170715Z_a93ee3f0,2026-09-29T17:14:28.253360+00:00,2026-09-29T17:15:31.556252+00:00,ok,85,85,74,83,False,False,False,False
65,125,discovery_20260929T170715Z_a93ee3f0,2026-09-29T17:15:31.846540+00:00,2026-09-29T17:17:36.912988+00:00,ok,165,165,148,161,False,False,False,False
66,126,discovery_20260929T172238Z_ba0d92b2,2026-09-29T17:22:39.461041+00:00,2026-09-29T17:22:50.965415+00:00,ok,12,12,11,9,False,False,False,False
67,127,discovery_20260929T172238Z_ba0d92b2,2026-09-29T17:22:51.255297+00:00,2026-09-29T17:24:05.182579+00:00,ok,91,91,89,87,False,False,False,False
68,128,discovery_20260929T172238Z_ba0d92b2,2026-09-29T17:24:05.472787+00:00,2026-09-29T17:27:03.433330+00:00,ok,270,270,260,257,False,False,False,False
69,129,discovery_20260929T172238Z_ba0d92b2,2026-09-29T17:27:03.726864+00:00,2026-09-29T17:29:18.203211+00:00,ok,181,181,173,161,False,False,False,False
70,130,discovery_20260929T172238Z_ba0d92b2,2026-09-29T17:29:18.490484+00:00,2026-09-29T17:29:56.490739+00:00,ok,59,59,51,51,False,False,False,False
71,131,discovery_20260929T173457Z_faed6ee1,2026-09-29T17:34:59.078320+00:00,2026-09-29T17:36:22.646607+00:00,ok,110,110,104,85,False,False,False,False
72,132,discovery_20260929T173457Z_faed6ee1,2026-09-29T17:36:22.940214+00:00,2026-09-29T17:39:05.032968+00:00,ok,210,210,200,194,False,False,False,False
73,133,discovery_20260929T173457Z_faed6ee1,2026-09-29T17:39:05.321966+00:00,2026-09-29T17:39:29.503655+00:00,ok,33,33,24,28,False,False,False,False
74,134,discovery_20260929T173457Z_faed6ee1,2026-09-29T17:39:29.793828+00:00,2026-09-29T17:39:46.720482+00:00,ok,19,19,19,17,False,False,False,False
75,135,discovery_20260929T173457Z_faed6ee1,2026-09-29T17:39:47.009400+00:00,2026-09-29T17:45:19.374794+00:00,ok,345,345,320,338,False,False,False,False
76,136,discovery_20260929T175020Z_a5c9bfdf,2026-09-29T17:50:21.929157+00:00,2026-09-29T17:50:51.540890+00:00,ok,40,40,35,40,False,False,False,False
77,137,discovery_20260929T175020Z_a5c9bfdf,2026-09-29T17:50:51.839442+00:00,2026-09-29T17:53:08.553210+00:00,ok,188,188,171,176,False,False,False,False
78,138,discovery_20260929T175020Z_a5c9bfdf,2026-09-29T17:53:08.842895+00:00,2026-09-29T17:54:35.520144+00:00,ok,119,119,108,104,False,False,False,False
79,140,discovery_20260929T175020Z_a5c9bfdf,2026-09-29T17:54:35.810174+00:00,2026-09-29T17:56:56.251687+00:00,ok,159,159,153,148,False,False,False,False
80,141,discovery_20260929T175020Z_a5c9bfdf,2026-09-29T17:56:56.544315+00:00,2026-09-29T17:58:15.235386+00:00,ok,103,103,100,102,False,False,False,False
81,142,discovery_20260929T180316Z_8ea5222f,2026-09-29T18:03:17.801545+00:00,2026-09-29T18:04:54.477235+00:00,ok,156,156,134,136,False,False,False,False
82,143,discovery_20260929T180316Z_8ea5222f,2026-09-29T18:04:54.772170+00:00,2026-09-29T18:08:47.606643+00:00,ok,283,283,267,260,False,False,False,False
83,144,discovery_20260929T180316Z_8ea5222f,2026-09-29T18:08:47.895402+00:00,2026-09-29T18:09:28.046739+00:00,ok,56,56,51,41,False,False,False,False
84,145,discovery_20260929T180316Z_8ea5222f,2026-09-29T18:09:28.334807+00:00,2026-09-29T18:10:41.657837+00:00,ok,110,110,103,95,False,False,False,False
85,146,discovery_20260929T180316Z_8ea5222f,2026-09-29T18:10:41.947188+00:00,2026-09-29T18:15:41.073614+00:00,ok,428,428,423,384,False,False,False,False
86,147,discovery_20260929T182042Z_3156f10a,2026-09-29T18:20:43.652244+00:00,2026-09-29T18:22:27.228908+00:00,ok,122,122,122,103,False,False,False,False
87,148,discovery_20260929T182042Z_3156f10a,2026-09-29T18:22:27.518726+00:00,2026-09-29T18:28:13.320062+00:00,ok,298,298,294,247,False,False,False,False
88,149,discovery_20260929T182042Z_3156f10a,2026-09-29T18:28:13.610065+00:00,2026-09-29T18:30:30.848113+00:00,ok,153,153,137,127,False,False,False,False
89,150,discovery_20260929T182042Z_3156f10a,2026-09-29T18:30:31.137833+00:00,2026-09-29T18:34:43.026999+00:00,ok,318,318,292,276,False,False,False,False
1,151,discovery_20260916T143121Z_8f8306bf,2026-09-16T14:31:25.168372+00:00,2026-09-16T14:35:01.414506+00:00,ok,296,296,272,296,False,False,False,False
90,151,discovery_20260929T182042Z_3156f10a,2026-09-29T18:34:43.327560+00:00,2026-09-29T18:37:53.029226+00:00,ok,301,301,286,296,False,False,False,False
122,151,discovery_20260930T003939Z_f5477a35,2026-09-30T00:39:40.796319+00:00,2026-09-30T00:43:21.205511+00:00,ok,301,301,288,92,False,False,False,False
131,151,discovery_20260930T072408Z_32210794,2026-09-30T07:24:12.796997+00:00,2026-09-30T07:29:25.190911+00:00,ok,345,345,328,108,False,False,False,False
2,152,discovery_20260916T143121Z_8f8306bf,2026-09-16T14:35:01.758260+00:00,2026-09-16T14:39:08.554416+00:00,ok,380,380,286,380,False,False,False,False
91,152,discovery_20260929T184254Z_e2fa2fe3,2026-09-29T18:42:55.563105+00:00,2026-09-29T18:47:15.637567+00:00,ok,403,403,368,340,False,False,False,False
123,152,discovery_20260930T004822Z_c9f1d144,2026-09-30T00:48:24.043197+00:00,2026-09-30T00:52:54.399680+00:00,ok,390,390,360,149,False,False,False,False
132,152,discovery_20260930T072408Z_32210794,2026-09-30T07:29:25.657373+00:00,2026-09-30T07:32:04.572384+00:00,ok,197,197,132,77,False,False,False,False
3,153,discovery_20260916T143121Z_8f8306bf,2026-09-16T14:39:08.874285+00:00,2026-09-16T14:42:40.815879+00:00,ok,304,304,244,304,False,False,False,False
92,153,discovery_20260929T184254Z_e2fa2fe3,2026-09-29T18:47:15.932792+00:00,2026-09-29T18:50:03.778939+00:00,ok,270,270,231,236,False,False,False,False
124,153,discovery_20260930T005755Z_03bff364,2026-09-30T00:57:57.325187+00:00,2026-09-30T01:00:57.874358+00:00,ok,248,248,235,95,False,False,False,False
134,153,discovery_20260930T072408Z_32210794,2026-09-30T07:37:06.911602+00:00,2026-09-30T07:41:37.073911+00:00,ok,370,370,300,139,False,False,False,False
4,154,discovery_20260916T143121Z_8f8306bf,2026-09-16T14:42:41.136360+00:00,2026-09-16T14:45:09.174100+00:00,ok,212,212,184,212,False,False,False,False
93,154,discovery_20260929T184254Z_e2fa2fe3,2026-09-29T18:50:04.067432+00:00,2026-09-29T18:54:45.741469+00:00,ok,456,456,398,444,False,False,False,False
125,154,discovery_20260930T005755Z_03bff364,2026-09-30T01:00:58.165609+00:00,2026-09-30T01:06:20.123786+00:00,ok,471,471,431,204,False,False,False,False
136,154,discovery_20260930T074921Z_aabc86b3,2026-09-30T07:49:23.207113+00:00,2026-09-30T07:51:52.870051+00:00,ok,179,179,176,50,False,False,False,False
5,155,discovery_20260916T143121Z_8f8306bf,2026-09-16T14:45:09.489669+00:00,2026-09-16T14:46:48.184471+00:00,ok,155,155,121,155,False,False,False,False
94,155,discovery_20260929T184254Z_e2fa2fe3,2026-09-29T18:54:46.031416+00:00,2026-09-29T18:56:05.050531+00:00,ok,142,142,115,135,False,False,False,False
126,155,discovery_20260930T005755Z_03bff364,2026-09-30T01:06:20.416467+00:00,2026-09-30T01:07:59.283335+00:00,ok,142,142,125,56,False,False,False,False
137,155,discovery_20260930T074921Z_aabc86b3,2026-09-30T07:51:53.194545+00:00,2026-09-30T07:54:10.559304+00:00,ok,166,166,153,63,False,False,False,False
6,156,discovery_20260916T150519Z_b142d371,2026-09-16T15:05:20.288381+00:00,2026-09-16T15:06:44.037183+00:00,ok,101,101,97,82,False,False,False,False
95,156,discovery_20260929T184254Z_e2fa2fe3,2026-09-29T18:56:05.339786+00:00,2026-09-29T18:57:07.001213+00:00,ok,105,105,80,98,False,False,False,False
127,156,discovery_20260930T005755Z_03bff364,2026-09-30T01:07:59.571393+00:00,2026-09-30T01:09:10.911973+00:00,ok,101,101,84,41,False,False,False,False
138,156,discovery_20260930T074921Z_aabc86b3,2026-09-30T07:54:10.878795+00:00,2026-09-30T07:55:46.575649+00:00,ok,107,107,99,24,False,False,False,False
7,157,discovery_20260916T150519Z_b142d371,2026-09-16T15:06:44.365265+00:00,2026-09-16T15:08:56.227920+00:00,ok,170,170,154,135,False,False,False,False
96,157,discovery_20260929T190208Z_23c34db4,2026-09-29T19:02:09.732440+00:00,2026-09-29T19:03:50.831473+00:00,ok,154,154,148,114,False,False,False,False
128,157,discovery_20260930T011412Z_7d3aac19,2026-09-30T01:14:13.645580+00:00,2026-09-30T01:16:23.256680+00:00,ok,164,164,156,40,False,False,False,False
140,157,discovery_20260930T074921Z_aabc86b3,2026-09-30T08:01:00.491951+00:00,2026-09-30T08:03:13.780615+00:00,ok,164,164,146,47,False,False,False,False
8,158,discovery_20260916T151142Z_e201ee0b,2026-09-16T15:11:43.483319+00:00,2026-09-16T15:16:20.013840+00:00,ok,370,370,336,279,False,False,False,False
97,158,discovery_20260929T190208Z_23c34db4,2026-09-29T19:03:51.123273+00:00,2026-09-29T19:07:52.060174+00:00,ok,359,359,318,277,False,False,False,False
129,158,discovery_20260930T011412Z_7d3aac19,2026-09-30T01:16:23.555124+00:00,2026-09-30T01:18:44.753285+00:00,ok,188,188,169,72,False,False,False,False
142,158,discovery_20260930T080815Z_c41d9d1f,2026-09-30T08:12:03.802424+00:00,2026-09-30T08:16:30.796896+00:00,ok,297,297,272,114,False,False,False,False
9,159,discovery_20260916T151142Z_e201ee0b,2026-09-16T15:16:20.351022+00:00,2026-09-16T15:21:23.716658+00:00,ok,468,468,367,353,False,False,False,False
98,159,discovery_20260929T190208Z_23c34db4,2026-09-29T19:07:52.351422+00:00,2026-09-29T19:11:42.647195+00:00,ok,400,400,304,310,False,False,False,False
130,159,discovery_20260930T011412Z_7d3aac19,2026-09-30T01:18:45.043031+00:00,2026-09-30T01:21:03.152080+00:00,ok,219,219,180,68,False,False,False,False
143,159,discovery_20260930T080815Z_c41d9d1f,2026-09-30T08:16:31.269642+00:00,2026-09-30T08:19:25.869474+00:00,ok,169,169,131,43,False,False,False,False
